{"name":"Logs","type":"View","ext":"json","content":"{\n    \"config\": {\n        \"siteName\": \"ComLogger\",\n        \"snt\": \"urn:uuid:d54a51a8-dff1-4a9a-9d26-37755c5649a7\",\n        \"server\": \"http://localhost:8000\"\n    },\n    \"components\": [\n        {\n            \"component\": \"Navbar\",\n            \"sections\": {\n                \"links\": [\n                    {\n                        \"component\": \"NavLink\",\n                        \"props\": {\n                            \"label\": \"My Logs\",\n                            \"href\": \"{{view:Logs}}\",\n                            \"color\": \"#fff\"\n                        }\n                    },\n                    {\n                        \"component\": \"NavLink\",\n                        \"props\": {\n                            \"label\": \"Logout\",\n                            \"href\": \"{{view:Login}}\",\n                            \"color\": \"#fff\"\n                        }\n                    }\n                ]\n            },\n            \"props\": {\n                \"label\": \"{{config:siteName}}\"\n            },\n            \"css\": {\n                \"background\": \"#000000\"\n            }\n        },\n        {\n            \"component\": \"Row\",\n            \"props\": {\n                \"justify\": \"end\"\n            },\n            \"sections\": {\n                \"children\": [\n                    {\n                        \"component\": \"Button\",\n                        \"props\": {\n                            \"label\": \"Add Log\"\n                        },\n                        \"events\": {\n                            \"onClick\": [\n                                {\n                                    \"fn\": \"navigate\",\n                                    \"args\": [\n                                        \"{{view:CreateLog}}\"\n                                    ]\n                                }\n                            ]\n                        }\n                    }\n                ]\n            },\n            \"css\": {\n                \"marginTop\": \"36px\",\n                \"marginRight\": \"36px\"\n            }\n        },\n        {\n            \"name\": \"datalist\",\n            \"component\": \"Datalist\",\n            \"props\": {\n                \"server\": \"{{config:server}}\",\n                \"walker\": \"list_log\",\n                \"token\": \"{{localstorage:token}}\",\n                \"snt\": \"{{config:snt}}\",\n                \"getters\": [\n                    {\n                        \"name\": \"subject\",\n                        \"accessor\": \"subject\"\n                    },\n                    {\n                        \"name\": \"jid\",\n                        \"accessor\": \"jid\"\n                    },\n                    {\n                        \"name\": \"body\",\n                        \"accessor\": \"body\"\n                    },\n                    {\n                        \"name\": \"timestamp\",\n                        \"accessor\": \"timestamp\",\n                        \"formatter\": \"date\",\n                        \"format\": \"DD/MM/YYYY [at] h:mm:A\"\n                    }\n                ],\n                \"template\": [\n                    {\n                        \"component\": \"Container\",\n                        \"css\": {\n                            \"padding\": \"20px 48px\"\n                        },\n                        \"sections\": {\n                            \"children\": [\n                                {\n                                    \"component\": \"Card\",\n                                    \"props\": {\n                                        \"variant\": \"outline\"\n                                    },\n                                    \"sections\": {\n                                        \"children\": [\n                                            {\n                                                \"component\": \"Row\",\n                                                \"props\": {\n                                                    \"justify\": \"between\"\n                                                },\n                                                \"sections\": {\n                                                    \"children\": [\n                                                        {\n                                                            \"component\": \"Text\",\n                                                            \"props\": {\n                                                                \"value\": \"{{subject}}\",\n                                                                \"variant\": \"h4\"\n                                                            }\n                                                        },\n                                                        {\n                                                            \"component\": \"Text\",\n                                                            \"props\": {\n                                                                \"value\": \"{{timestamp}}\"\n                                                            },\n                                                            \"css\": {\n                                                                \"color\": \"#6F6F6F\",\n                                                                \"fontSize\": \"0.8rem\"\n                                                            }\n                                                        }\n                                                    ]\n                                                }\n                                            },\n                                            {\n                                                \"component\": \"Text\",\n                                                \"props\": {\n                                                    \"value\": \"{{body}}\"\n                                                },\n                                                \"css\": {\n                                                    \"display\": \"-webkit-box\",\n                                                    \"-webkit-line-clamp\": \"2\",\n                                                    \"-webkit-box-orient\": \"vertical\",\n                                                    \"overflow\": \"hidden\"\n                                                }\n                                            },\n                                            {\n                                                \"component\": \"Anchor\",\n                                                \"props\": {\n                                                    \"label\": \"View Log\",\n                                                    \"href\": \"{{view:Log}}?logId={{jid}}\"\n                                                },\n                                                \"css\": {\n                                                    \"margin\": 0\n                                                }\n                                            }\n                                        ]\n                                    }\n                                }\n                            ]\n                        }\n                    }\n                ]\n            }\n        }\n    ]\n}"}