{"name":"Tags","type":"View","ext":"json","content":"{\n    \"config\": {\n        \"siteName\": \"ComLogger\",\n        \"baseUrl\": \"http://localhost:8000\",\n        \"token\": \"198ab01ffejkcda8b09c98e2e679257d25644c430690ae0cacd54529bcd83b0b9a\",\n        \"sentinel\": \"urn:uuid:d54a51a8-dff1-4a9a-9d26-37755c5649a7\"\n    },\n    \"components\": [\n        {\n            \"component\": \"Navbar\",\n            \"sections\": {\n                \"links\": [\n                    {\n                        \"component\": \"NavLink\",\n                        \"props\": {\n                            \"label\": \"My Logs\",\n                            \"href\": \"{{view:Logs}}\",\n                            \"color\": \"#fff\"\n                        }\n                    },\n                    {\n                        \"component\": \"NavLink\",\n                        \"props\": {\n                            \"label\": \"Logout\",\n                            \"href\": \"{{view:Login}}\",\n                            \"color\": \"#fff\"\n                        }\n                    }\n                ]\n            },\n            \"props\": {\n                \"label\": \"{{config:siteName}}\"\n            },\n            \"css\": {\n                \"background\": \"#000000\"\n            }\n        },\n        {\n            \"name\": \"newTagCard\",\n            \"component\": \"Card\",\n            \"props\": {\n                \"variant\": \"outline\",\n                \"shadow\": \"md\",\n                \"outlineColor\": \"red\",\n                \"radius\": \"lg\"\n            },\n            \"operations\": {\n                \"addTag\": {\n                    \"args\": [\n                        \"name\"\n                    ],\n                    \"run\": [\n                        {\n                            \"fn\": \"callEndpoint\",\n                            \"endpoint\": \"{{config:baseUrl}}/js/walker_run\",\n                            \"args\": [\n                                \"POST\",\n                                {\n                                    \"name\": \"create_tag\",\n                                    \"snt\": \"{{config::snt}}\",\n                                    \"ctx\": {\n                                        \"label\": \"arg(name)\"\n                                    }\n                                },\n                                {\n                                    \"Authorization\": \"token {{localstorage:token}}\",\n                                    \"Content-Type\": \"application/json\"\n                                }\n                            ],\n                            \"onCompleted\": {\n                                \"fn\": \"append\",\n                                \"args\": [\n                                    \"tagsRow\",\n                                    {\n                                        \"component\": \"Chip\",\n                                        \"props\": {\n                                            \"label\": \"res(report[0].context.label)\"\n                                        }\n                                    }\n                                ]\n                            }\n                        }\n                    ]\n                },\n                \"listTags\": {\n                    \"args\": [\n                        \"name\"\n                    ],\n                    \"run\": [\n                        {\n                            \"fn\": \"callEndpoint\",\n                            \"endpoint\": \"{{config:baseUrl}}/js/walker_run\",\n                            \"args\": [\n                                \"POST\",\n                                {\n                                    \"name\": \"list_tag\",\n                                    \"snt\": \"{{config:snt}}\",\n                                    \"ctx\": {}\n                                },\n                                {\n                                    \"Authorization\": \"token {{localstorage::token}}\",\n                                    \"Content-Type\": \"application/json\"\n                                }\n                            ]\n                        }\n                    ]\n                }\n            },\n            \"css\": {\n                \"padding\": \"20px 20px\",\n                \"borderColor\": \"blue\"\n            },\n            \"sections\": {\n                \"children\": [\n                    {\n                        \"component\": \"Text\",\n                        \"props\": {\n                            \"variant\": \"h2\",\n                            \"value\": \"New Tag\"\n                        }\n                    },\n                    {\n                        \"name\": \"nameInput\",\n                        \"component\": \"Inputbox\",\n                        \"props\": {\n                            \"label\": \"Name\",\n                            \"fullwidth\": \"true\",\n                            \"placeholder\": \"Enter tag name\"\n                        }\n                    },\n                    {\n                        \"component\": \"Button\",\n                        \"props\": {\n                            \"label\": \"Add a Tag\"\n                        },\n                        \"css\": {\n                            \"marginTop\": \"20px\"\n                        },\n                        \"events\": {\n                            \"onClick\": [\n                                {\n                                    \"fn\": \"runOperation\",\n                                    \"operation\": \"newTagCard.addTag\",\n                                    \"args\": [\n                                        \"var(nameInput.value)\"\n                                    ]\n                                }\n                            ]\n                        }\n                    },\n                    {\n                        \"component\": \"Divider\"\n                    },\n                    {\n                        \"component\": \"Text\",\n                        \"props\": {\n                            \"variant\": \"h3\",\n                            \"value\": \"Tags\"\n                        }\n                    },\n                    {\n                        \"name\": \"datalist\",\n                        \"component\": \"Datalist\",\n                        \"props\": {\n                            \"server\": \"http://localhost:8000\",\n                            \"walker\": \"list_tag\",\n                            \"token\": \"198ab01ffecda8b09c98e2e679257d25644c430690ae0cacd54529bcd83b0b9a\",\n                            \"snt\": \"urn:uuid:ae422d32-27eb-4ee8-9d91-b1a6b4189caf\",\n                            \"layout\": \"Row\",\n                            \"layoutProps\": {\"gap\": \"4px\"},\n                            \"getters\": [\n                                {\n                                    \"name\": \"label\",\n                                    \"accessor\": \"label\"\n                                }\n                            ],\n                            \"template\": [\n                                {\n                                    \"component\": \"Chip\",\n                                    \"props\": {\n                                        \"label\": \"{{label}}\"\n                                    }\n                                }\n                            ]\n                        }\n                    }\n                ]\n            }\n        }\n    ]\n}"}