{"name":"Login","type":"View","ext":"json","content":"{\n    \"config\": {\n        \"css\": {\n            \"background\": \"rgb(242, 246, 249)\",\n            \"height\": \"100vh\"\n        }\n    },\n    \"components\": [\n        {\n            \"component\": \"Container\",\n            \"css\": {\n                \"padding\": \"20px 20px\",\n                \"align\": \"center\"\n            },\n            \"sections\": {\n                \"children\": [\n                    {\n                        \"name\": \"loginCard\",\n                        \"component\": \"Card\",\n                        \"props\": {\n                            \"variant\": \"outline\"\n                        },\n                        \"operations\": {\n                            \"login\": {\n                                \"args\": [\n                                    \"email\",\n                                    \"password\"\n                                ],\n                                \"run\": [\n                                    {\n                                        \"fn\": \"callEndpoint\",\n                                        \"endpoint\": \"http://localhost:8000/user/token/\",\n                                        \"args\": [\n                                            \"POST\",\n                                            {\n                                                \"email\": \"arg(email)\",\n                                                \"password\": \"arg(password)\"\n                                            }\n                                        ],\n                                        \"onCompleted\": {\n                                            \"fn\": \"storeValue\",\n                                            \"target\": \"localstorage\",\n                                            \"args\": [\n                                                \"token\",\n                                                \"res(token)\"\n                                            ],\n                                            \"onCompleted\": {\n                                                \"fn\": \"navigate\",\n                                                \"args\": [\"{{view:Logs}}\"]\n                                            }\n                                        }\n                                    }\n                                ]\n                            }\n                        },\n                        \"sections\": {\n                            \"children\": [\n                                {\n                                    \"component\": \"Text\",\n                                    \"props\": {\n                                        \"value\": \"Login\",\n                                        \"variant\": \"h1\"\n                                    }\n                                },\n                                {\n                                    \"component\": \"Inputbox\",\n                                    \"name\": \"email\",\n                                    \"props\": {\n                                        \"label\": \"Email\",\n                                        \"fullWidth\": true,\n                                        \"placeholder\": \"Enter your email\"\n                                    }\n                                },\n                                {\n                                    \"component\": \"Inputbox\",\n                                    \"name\": \"password\",\n                                    \"props\": {\n                                        \"label\": \"Password\",\n                                        \"fullWidth\": true,\n                                        \"type\": \"password\",\n                                        \"placeholder\": \"Enter your password\"\n                                    }\n                                },\n                                {\n                                    \"component\": \"Button\",\n                                    \"name\": \"loginButton\",\n                                    \"props\": {\n                                        \"label\": \"Login\"\n                                    },\n                                    \"css\": {\n                                        \"marginTop\": \"12px\"\n                                    },\n                                    \"events\": {\n                                        \"onClick\": [\n                                            {\n                                                \"fn\": \"runOperation\",\n                                                \"operation\": \"loginCard.login\",\n                                                \"args\": [\n                                                    \"var(email.value)\",\n                                                    \"var(password.value)\"\n                                                ]\n                                            }\n                                        ]\n                                    }\n                                }\n                            ]\n                        }\n                    }\n                ]\n            }\n        }\n    ]\n}"}