{"name":"LogsGrid","type":"View","ext":"json","content":"{\n    \"components\": [\n        {\n            \"name\": \"logsDataGrid\",\n            \"component\": \"Datagrid\",\n            \"props\": {\n                \"server\": \"http://localhost:8000\",\n                \"walker\": \"list_log\",\n                \"token\": \"f212b1a8e9058bcb962edc1439080dd2b857a4fbd8c2f7cd2fd21ff735baaeda\",\n                \"snt\": \"urn:uuid:d54a51a8-dff1-4a9a-9d26-37755c5649a7\",\n                \"variant\": \"striped\",\n                \"itemsPerPage\": 3,\n                \"headings\": [\n                    {\n                        \"label\": \"Subject\",\n                        \"accessor\": \"subject\"\n                    },\n                    {\n                        \"label\": \"Message\",\n                        \"accessor\": \"body\"\n                    },\n                    {\n                        \"label\": \"Date\",\n                        \"accessor\": \"timestamp\",\n                        \"formatter\": \"date\",\n                        \"format\": \"Do MMM, YYYY [at] h:mm a\",\n                        \"render\": [\n                            {\n                                \"component\": \"Text\",\n                                \"props\": {\n                                    \"value\": \"{{value}}\"\n                                },\n                                \"css\": {\n                                    \"color\": \"#006ADC\",\n                                    \"fontWeight\": \"bold\"\n                                }\n                            }\n                        ]\n                    },\n                    {\n                        \"label\": \"Actions\",\n                        \"accessor\": \"jid\",\n                        \"render\": [\n                            {\n                                \"component\": \"Button\",\n                                \"props\": {\n                                    \"label\": \"Delete\"\n                                },\n                                \"events\": {\n                                    // call delete endpoint\n                                    \"onClick\": [\n                                        {\n                                            \"fn\": \"callEndpoint\",\n                                            \"endpoint\": \"http://localhost:8000/js/walker_run\",\n                                            \"onCompleted\": {\n                                                \"fn\": \"refreshDatagrid\",\n                                                \"args\": [\n                                                    \"logsDataGrid\"\n                                                ]\n                                            },\n                                            \"args\": [\n                                                \"POST\",\n                                                {\n                                                    \"name\": \"delete_log\",\n                                                    \"snt\": \"urn:uuid:ae422d32-27eb-4ee8-9d91-b1a6b4189caf\",\n                                                    \"ctx\": {\n                                                        \"id\": \"{{value}}\"\n                                                    }\n                                                },\n                                                {\n                                                    \"Authorization\": \"token 198ab01ffecda8b09c98e2e679257d25644c430690ae0cacd54529bcd83b0b9a\",\n                                                    \"Content-Type\": \"application/json\"\n                                                }\n                                            ]\n                                        }\n                                    ]\n                                }\n                            }\n                        ]\n                    }\n                ]\n            }\n        }\n    ]\n}"}