{"id":"cl3vxswjh1424c0jcotm50aam","name":"CreateLog","type":"View","ext":"json","content":"{\n    \"config\": {\n        \"siteName\": \"ComLogger\",\n        \"server\": \"http://localhost:8000\",\n        \"snt\": \"urn:uuid:d54a51a8-dff1-4a9a-9d26-37755c5649a7\"\n    },\n    \"components\": [\n        {\n            \"component\": \"Navbar\",\n            \"sections\": {\n                \"links\": [\n                    {\n                        \"component\": \"NavLink\",\n                        \"props\": {\n                            \"label\": \"My Logs\",\n                            \"href\": \"{{view:Logs}}\",\n                            \"color\": \"#fff\"\n                        }\n                    },\n                    {\n                        \"component\": \"NavLink\",\n                        \"props\": {\n                            \"label\": \"Logout\",\n                            \"href\": \"https://google.com\",\n                            \"color\": \"#fff\"\n                        }\n                    }\n                ]\n            },\n            \"props\": {\n                \"label\": \"{{config:siteName}}\"\n            },\n            \"css\": {\n                \"background\": \"#000000\"\n            }\n        },\n        {\n            \"name\": \"addRecordCard\",\n            \"component\": \"Card\",\n            \"props\": {\n                \"variant\": \"outline\",\n                \"shadow\": \"md\",\n                \"outlineColor\": \"red\",\n                \"radius\": \"lg\"\n            },\n            \"operations\": {\n                \"createRecord\": {\n                    \"args\": [\n                        \"subject\",\n                        \"details\",\n                        \"date\"\n                    ],\n                    \"run\": [\n                        {\n                            \"fn\": \"callEndpoint\",\n                            \"endpoint\": \"{{config:server}}/js/walker_run\",\n                            \"args\": [\n                                \"POST\",\n                                {\n                                    \"name\": \"create_log\",\n                                    \"ctx\": {\n                                        \"subject\": \"arg(subject)\",\n                                        \"body\": \"arg(details)\",\n                                        \"timestamp\": \"arg(date)\"\n                                    },\n                                    \"snt\": \"{{config:snt}}\"\n                                },\n                                {\n                                    \"Content-Type\": \"application/json\",\n                                    \"Authorization\": \"token {{localstorage:token}}\"\n                                }\n                            ],\n                            \"onCompleted\": {\n                                \"fn\": \"navigate\",\n                                \"args\": [\n                                    \"{{view:Logs}}\"\n                                ]\n                            }\n                        }\n                    ]\n                }\n            },\n            \"css\": {\n                \"padding\": \"20px 20px\",\n                \"borderColor\": \"blue\"\n            },\n            \"sections\": {\n                \"children\": [\n                    {\n                        \"component\": \"Text\",\n                        \"props\": {\n                            \"variant\": \"h2\",\n                            \"value\": \"Add Record\"\n                        }\n                    },\n                    {\n                        \"name\": \"subject\",\n                        \"component\": \"Inputbox\",\n                        \"props\": {\n                            \"label\": \"Subject\",\n                            \"fullwidth\": \"true\",\n                            \"placeholder\": \"Enter tag name\"\n                        }\n                    },\n                    {\n                        \"name\": \"details\",\n                        \"component\": \"Textbox\",\n                        \"props\": {\n                            \"label\": \"Details\",\n                            \"fullwidth\": \"true\",\n                            \"placeholder\": \"Enter log details...\"\n                        }\n                    },\n                    {\n                        \"name\": \"date\",\n                        \"component\": \"DatePicker\",\n                        \"props\": {\n                            \"label\": \"Date\",\n                            \"fullwidth\": \"true\",\n                            \"type\": \"datetime\"\n                        }\n                    },\n                    {\n                        \"component\": \"Button\",\n                        \"props\": {\n                            \"label\": \"Add a Record\"\n                        },\n                        \"events\": {\n                            \"onClick\": [\n                                {\n                                    \"fn\": \"runOperation\",\n                                    \"operation\": \"addRecordCard.createRecord\",\n                                    \"args\": [\n                                        \"var(subject.value)\",\n                                        \"var(details.value)\",\n                                        \"var(date.value)\"\n                                    ]\n                                }\n                            ]\n                        },\n                        \"css\": {\n                            \"marginTop\": \"20px\"\n                        }\n                    }\n                ]\n            }\n        }\n    ]\n}","projectId":"cl3vxr6cv1108c0jc7vfgw4gp","opened_at":"2022-06-03T18:41:31.690Z","createdAt":"2022-06-01T18:43:40.349Z","updatedAt":"2022-06-03T18:41:37.184Z"}