{"id":"cl3xnegqd141531zjcf5pqvbnj","name":"Log","type":"View","ext":"json","content":"{\n    \"config\": {\n        \"siteName\": \"ComLogger\",\n        \"snt\": \"urn:uuid:d54a51a8-dff1-4a9a-9d26-37755c5649a7\",\n        \"server\": \"http://localhost:8000\"\n    },\n    \"components\": [\n        {\n            \"component\": \"Navbar\",\n            \"sections\": {\n                \"links\": [\n                    {\n                        \"component\": \"NavLink\",\n                        \"props\": {\n                            \"label\": \"My Logs\",\n                            \"href\": \"{{view:Logs}}\",\n                            \"color\": \"#fff\"\n                        }\n                    },\n                    {\n                        \"component\": \"NavLink\",\n                        \"props\": {\n                            \"label\": \"Logout\",\n                            \"href\": \"https://google.com\",\n                            \"color\": \"#fff\"\n                        }\n                    }\n                ]\n            },\n            \"props\": {\n                \"label\": \"{{config:siteName}}\"\n            },\n            \"css\": {\n                \"background\": \"#000000\"\n            }\n        },\n        {\n            \"name\": \"datalist\",\n            \"component\": \"Datalist\",\n            \"props\": {\n                \"server\": \"{{config:server}}\",\n                \"walker\": \"get_log\",\n                \"token\": \"{{localstorage:token}}\",\n                \"body\": {\n                    \"ctx\": {\n                        \"id\": \"{{searchparam:logId}}\"\n                    }\n                },\n                \"snt\": \"{{config:snt}}\",\n                \"getters\": [\n                    {\n                        \"name\": \"subject\",\n                        \"accessor\": \"subject\"\n                    },\n                    {\n                        \"name\": \"jid\",\n                        \"accessor\": \"jid\"\n                    },\n                    {\n                        \"name\": \"body\",\n                        \"accessor\": \"body\"\n                    },\n                    {\n                        \"name\": \"timestamp\",\n                        \"accessor\": \"timestamp\",\n                        \"formatter\": \"date\",\n                        \"format\": \"DD/MM/YYYY [at] h:mm:A\"\n                    }\n                ],\n                \"template\": [\n                    {\n                        \"component\": \"Container\",\n                        \"css\": {\n                            \"padding\": \"40px\"\n                        },\n                        \"sections\": {\n                            \"children\": [\n                                {\n                                    \"name\": \"logCard\",\n                                    \"component\": \"Card\",\n                                    \"props\": {\n                                        \"variant\": \"outline\"\n                                    },\n                                    \"operations\": {\n                                        \"args\": [\n                                            \"logId\"\n                                        ],\n                                        \"deleteLog\": {\n                                            \"args\": [\"logId\"],\n                                            \"run\": [\n                                                {\n                                                    \"fn\": \"callEndpoint\",\n                                                    \"endpoint\": \"{{config:server}}/js/walker_run\",\n                                                    \"onCompleted\": {\n                                                        \"fn\": \"navigate\",\n                                                        \"args\": [\n                                                            \"{{view:Logs}}\"\n                                                        ]\n                                                    },\n                                                    \"args\": [\n                                                        \"POST\",\n                                                        {\n                                                            \"name\": \"delete_log\",\n                                                            \"snt\": \"{{config:snt}}\",\n                                                            \"ctx\": {\n                                                                \"id\": \"arg(logId)\"\n                                                            }\n                                                        },\n                                                        {\n                                                            \"Authorization\": \"token 198ab01ffecda8b09c98e2e679257d25644c430690ae0cacd54529bcd83b0b9a\",\n                                                            \"Content-Type\": \"application/json\"\n                                                        }\n                                                    ]\n                                                }\n                                            ]\n                                        }\n                                    },\n                                    \"sections\": {\n                                        \"children\": [\n                                            {\n                                                \"component\": \"Text\",\n                                                \"props\": {\n                                                    \"value\": \"{{subject}}\",\n                                                    \"variant\": \"h4\"\n                                                }\n                                            },\n                                            {\n                                                \"component\": \"Text\",\n                                                \"props\": {\n                                                    \"value\": \"Details\",\n                                                    \"variant\": \"p\"\n                                                },\n                                                \"css\": {\n                                                    \"text-transform\": \"uppercase\",\n                                                    \"fontWeight\": \"500\",\n                                                    \"fontSize\": \"0.8rem\"\n                                                }\n                                            },\n                                            {\n                                                \"component\": \"Text\",\n                                                \"props\": {\n                                                    \"value\": \"{{body}}\"\n                                                }\n                                            },\n                                            {\n                                                \"component\": \"Text\",\n                                                \"props\": {\n                                                    \"value\": \"Date\",\n                                                    \"variant\": \"p\"\n                                                },\n                                                \"css\": {\n                                                    \"text-transform\": \"uppercase\",\n                                                    \"fontWeight\": \"500\",\n                                                    \"fontSize\": \"0.8rem\"\n                                                }\n                                            },\n                                            {\n                                                \"component\": \"Text\",\n                                                \"props\": {\n                                                    \"value\": \"{{timestamp}}\"\n                                                },\n                                                \"css\": {\n                                                    \"color\": \"#6F6F6F\"\n                                                }\n                                            },\n                                            {\n                                                \"component\": \"Divider\",\n                                                \"props\": {}\n                                            },\n                                            {\n                                                \"component\": \"Row\",\n                                                \"props\": {\n                                                    \"justify\": \"end\"\n                                                },\n                                                \"sections\": {\n                                                    \"children\": [\n                                                        {\n                                                            \"component\": \"Button\",\n                                                            \"props\": {\n                                                                \"label\": \"Edit\"\n                                                            },\n                                                            \"events\": {\n                                                                \"onClick\": [\n                                                                    {\"fn\": \"navigate\", \"args\": [\"{{view:UpdateLog}}?logId={{jid}}\"]}\n                                                                ]\n                                                            }\n                                                        },\n                                                        {\n                                                            \"component\": \"Button\",\n                                                            \"props\": {\n                                                                \"label\": \"Delete\"\n                                                            },\n                                                            \"css\": {\n                                                                \"background\": \"#E5484D\"\n                                                            },\n                                                            \"events\": {\n                                                                \"onClick\": [\n                                                                    {\n                                                                        \"fn\": \"runOperation\",\n                                                                        \"operation\": \"logCard.deleteLog\",\n                                                                        \"args\": [\n                                                                            \"{{searchparam:logId}}\"\n                                                                        ]\n                                                                    }\n                                                                ]\n                                                            }\n                                                        }\n                                                    ]\n                                                },\n                                                \"css\": {\n                                                    \"gap\": \"8px\"\n                                                }\n                                            }\n                                        ]\n                                    }\n                                }\n                            ]\n                        }\n                    }\n                ]\n            }\n        }\n    ]\n}","projectId":"cl3vxr6cv1108c0jc7vfgw4gp","opened_at":"2022-06-03T18:31:21.058Z","createdAt":"2022-06-02T23:28:02.869Z","updatedAt":"2022-06-03T18:57:33.963Z"}