{"id":"cl3xsmswl4787y6jcobraxj76","name":"UpdateLog","type":"View","ext":"json","content":"{\n    \"config\": {\n        \"siteName\": \"ComLogger\",\n        \"snt\": \"urn:uuid:d54a51a8-dff1-4a9a-9d26-37755c5649a7\",\n        \"server\": \"http://localhost:8000\"\n    },\n    \"components\": [\n        {\n            \"component\": \"Navbar\",\n            \"sections\": {\n                \"links\": [\n                    {\n                        \"component\": \"NavLink\",\n                        \"props\": {\n                            \"label\": \"My Logs\",\n                            \"href\": \"{{view:Logs}}\",\n                            \"color\": \"#fff\"\n                        }\n                    },\n                    {\n                        \"component\": \"NavLink\",\n                        \"props\": {\n                            \"label\": \"Logout\",\n                            \"href\": \"https://google.com\",\n                            \"color\": \"#fff\"\n                        }\n                    }\n                ]\n            },\n            \"props\": {\n                \"label\": \"{{config:siteName}}\"\n            },\n            \"css\": {\n                \"background\": \"#000000\"\n            }\n        },\n        {\n            \"name\": \"datalist\",\n            \"component\": \"Datalist\",\n            \"props\": {\n                \"server\": \"{{config:server}}\",\n                \"walker\": \"get_log\",\n                \"token\": \"{{localstorage:token}}\",\n                \"body\": {\n                    \"ctx\": {\n                        \"id\": \"{{searchparam:logId}}\"\n                    }\n                },\n                \"snt\": \"{{config:snt}}\",\n                \"getters\": [\n                    {\n                        \"name\": \"subject\",\n                        \"accessor\": \"subject\"\n                    },\n                    {\n                        \"name\": \"jid\",\n                        \"accessor\": \"jid\"\n                    },\n                    {\n                        \"name\": \"body\",\n                        \"accessor\": \"body\"\n                    },\n                    {\n                        \"name\": \"timestamp\",\n                        \"accessor\": \"timestamp\",\n                        \"formatter\": \"date\",\n                        \"format\": \"DD/MM/YYYY [at] h:mm:A\"\n                    }\n                ],\n                \"template\": [\n                    {\n                        \"name\": \"updateRecordCard\",\n                        \"component\": \"Card\",\n                        \"props\": {\n                            \"variant\": \"outline\",\n                            \"shadow\": \"md\",\n                            \"outlineColor\": \"red\",\n                            \"radius\": \"lg\"\n                        },\n                        \"operations\": {\n                            \"updateRecord\": {\n                                \"args\": [\n                                    \"jid\",\n                                    \"subject\",\n                                    \"details\",\n                                    \"date\"\n                                ],\n                                \"run\": [\n                                    {\n                                        \"fn\": \"callEndpoint\",\n                                        \"endpoint\": \"{{config:server}}/js/walker_run\",\n                                        \"args\": [\n                                            \"POST\",\n                                            {\n                                                \"name\": \"update_log\",\n                                                \"ctx\": {\n                                                    \"id\": \"arg(jid)\",\n                                                    \"subject\": \"arg(subject)\",\n                                                    \"body\": \"arg(details)\",\n                                                    \"timestamp\": \"arg(date)\"\n                                                },\n                                                \"snt\": \"{{config:snt}}\"\n                                            },\n                                            {\n                                                \"Content-Type\": \"application/json\",\n                                                \"Authorization\": \"token {{localstorage:token}}\"\n                                            }\n                                        ],\n                                        \"onCompleted\": {\n                                            \"fn\": \"navigate\",\n                                            \"args\": [\n                                                \"{{view:Log}}?logId=arg(jid)\"\n                                            ]\n                                        }\n                                    }\n                                ]\n                            }\n                        },\n                        \"css\": {\n                            \"padding\": \"20px 20px\",\n                            \"borderColor\": \"blue\"\n                        },\n                        \"sections\": {\n                            \"children\": [\n                                {\n                                    \"component\": \"Text\",\n                                    \"props\": {\n                                        \"variant\": \"h2\",\n                                        \"value\": \"Update Log\"\n                                    }\n                                },\n                                {\n                                    \"name\": \"subject\",\n                                    \"component\": \"Inputbox\",\n                                    \"props\": {\n                                        \"label\": \"Subject\",\n                                        \"fullwidth\": \"true\",\n                                        \"placeholder\": \"Enter a subject...\",\n                                        \"value\": \"{{subject}}\"\n                                    }\n                                },\n                                {\n                                    \"name\": \"details\",\n                                    \"component\": \"Textbox\",\n                                    \"props\": {\n                                        \"label\": \"Details\",\n                                        \"fullwidth\": \"true\",\n                                        \"placeholder\": \"Enter log details...\",\n                                        \"value\": \"{{body}}\"\n                                    }\n                                },\n                                {\n                                    \"name\": \"date\",\n                                    \"component\": \"DatePicker\",\n                                    \"props\": {\n                                        \"label\": \"Date\",\n                                        \"fullwidth\": \"true\",\n                                        \"value\": \"2022-06-09\"\n                                    }\n                                },\n                                {\n                                    \"component\": \"Button\",\n                                    \"props\": {\n                                        \"label\": \"Update Log\"\n                                    },\n                                    \"css\": {\n                                        \"marginTop\": \"20px\"\n                                    },\n                                    \"events\": {\n                                        \"onClick\": [\n                                            {\n                                                \"fn\": \"runOperation\",\n                                                \"operation\": \"updateRecordCard.updateRecord\",\n                                                \"args\": [\n                                                    \"{{searchparam:logId}}\",\n                                                    \"var(subject.value)\",\n                                                    \"var(details.value)\",\n                                                    \"var(date.value)\"\n                                                ]\n                                            }\n                                        ]\n                                    }\n                                }\n                            ]\n                        }\n                    }\n                ]\n            }\n        }\n    ]\n}","projectId":"cl3vxr6cv1108c0jc7vfgw4gp","opened_at":null,"createdAt":"2022-06-03T01:54:29.973Z","updatedAt":"2022-06-03T04:18:21.909Z"}